Classifier,Accuracy,Precision,Recall,False Alarm Rate,Training Time,Prediction Time
SVC,0.9595339874637312,0.9427707808564232,0.9643906209739758,0.03560937902602422,654.8999442500062,29.50471475001541
Random Forest,0.9993798312254978,0.9989699747643818,0.9995877351198145,0.0004122648801855192,7.234010459011188,0.11236466598347761
KNN,0.998161642561297,0.9982979162368475,0.9974233444988405,0.002576655501159495,0.15084599997499026,0.6566951670101844
